feature_id	implementation_classes	subject_classes	authority_posture	hostile_inputs	boundary_tests	protection_domain_contracts	code_admission_gates	required_boundary_evidence
FEAT-P0-01	C0,C1	C0,C1,C2,C3,C4	Boot and governance may verify measure transfer or reject but never grant runtime ambient authority	Boot artifacts toolchain inputs manifests catalogue rows and repository changes	BND-01,BND-02,BND-03,BND-17,BND-18	PD-02,PD-12,PD-13,PD-14	RCG-05,RCG-06,RCG-07,RCG-12,RCG-14	Authenticated handoff no C0 runtime re-entry privileged-parser absence complete class mappings and negative profile evidence
FEAT-P0-02	C1	C2,C3,C4	Scheduling priority and containment class are orthogonal and task creation grants no capabilities	Task metadata priorities deadlines faults and adversarial runnable-set pressure	BND-04,BND-15,BND-16,BND-17,BND-20	PD-01,PD-02,PD-07,PD-08,PD-09,PD-12,PD-13	RCG-10,RCG-12,RCG-13,RCG-14	Complete security context switch cross-class memory denial priority-safe reserves and single-fault containment
FEAT-P0-03	C1	C1,C2,C3,C4	Allocation returns bounded generation-safe storage but conveys no cross-domain access	Capacity edges stale handles reuse pressure and adversarial allocation sequences	BND-04,BND-15,BND-20	PD-01,PD-06,PD-08,PD-13	RCG-09,RCG-10,RCG-13,RCG-14	No stale alias no residual data deterministic exhaustion and no cross-class page or handle reuse
FEAT-P0-04	C0,C1	C2	Hardware discovery describes devices but does not select drivers or grant DMA IRQ or MMIO	Firmware tables interrupts timers topology records and malicious device state	BND-02,BND-06,BND-07,BND-08,BND-18,BND-20	PD-02,PD-08,PD-10,PD-12,PD-13	RCG-07,RCG-12,RCG-13,RCG-14	Bounded parsing normalized topology zero implicit device authority and contained device lifecycle evidence
FEAT-P0-05	C1,C4	C3,C4	Parsing grants nothing and mapping may create only a fresh C3 address space after verification and policy	PE TXE imports sections malformed binaries compatibility calls and adaptive executable payloads	BND-03,BND-04,BND-05,BND-09,BND-10,BND-11,BND-12,BND-19,BND-20	PD-01,PD-02,PD-03,PD-04,PD-05,PD-06,PD-08,PD-11,PD-12,PD-13,PD-14	RCG-01,RCG-02,RCG-03,RCG-04,RCG-05,RCG-06,RCG-07,RCG-08,RCG-09,RCG-10,RCG-11,RCG-12,RCG-13,RCG-14	Disposable hostile parsing signed promotion W-X private mappings empty launch authority and exploit-campaign containment
FEAT-P0-06	C1	C0,C1,C2,C3,C4	A spoor observes a decision but never authorizes it and class identity is part of every boundary record	Caller identifiers wrap pressure faults denials restarts promotions and concurrent event streams	BND-17	PD-02,PD-08,PD-11,PD-13	RCG-02,RCG-08,RCG-12,RCG-13,RCG-14	Ordered attributable class-aware non-torn records with reserved critical capacity and bounded overhead
FEAT-P0-07	C1	C2,C3,C4	IPC transfers bounded data only while shared authority requires an explicit rights-sized delegable grant	Compromised peers forged endpoints handle smuggling stale grants queue floods and teardown races	BND-04,BND-08,BND-09,BND-14,BND-15,BND-20	PD-02,PD-03,PD-05,PD-06,PD-08,PD-09,PD-13,PD-14	RCG-08,RCG-09,RCG-12,RCG-13,RCG-14	Directional endpoint denial non-transferable capabilities transactional grants revocation on death and bounded backpressure
FEAT-P0-08	C3	C4	Packaging changes layout only and cannot promote trust sign content or grant execution authority	Malformed PE images conflicting metadata reproducibility inputs and substituted output artifacts	BND-10,BND-11,BND-12,BND-13	PD-03,PD-04,PD-11,PD-12,PD-14	RCG-02,RCG-04,RCG-05,RCG-06,RCG-07,RCG-08,RCG-09,RCG-11,RCG-13,RCG-14	Deterministic output remains C4 until independent signature provenance policy and fresh-process promotion checks pass
FEAT-P1-01	C0,C1	C1,C2	Measurement observes timed code with caller authority only and grants nothing	Serial measurement streams committed baseline files and malformed timing reports	BND-15,BND-16,BND-17	PD-07,PD-08	RCG-13,RCG-14	Calibrated bounded instrumentation fail-closed baseline parsing and regression gate demonstrated to fail
FEAT-P1-02	C0,C1	C1,C2,C3	Fault handling terminates or resumes the faulting context only and never widens authority	Fault frames error codes faulting addresses and attacker-steered execution reaching any vector	BND-04,BND-17,BND-20	PD-02,PD-12,PD-13	RCG-13,RCG-14	Per-vector injection fixtures single-task termination containment spoor-attributed faults and IST survival evidence
FEAT-P1-03	C0,C1	C1,C2,C3,C4	Address-space installation isolates domains and confers no authority beyond each task manifest mapping	Cross-space probes W-to-X and X-to-W attempts stale teardown mappings and hostile section permissions	BND-04,BND-05,BND-20	PD-01,PD-04,PD-13	RCG-10,RCG-11	Adversarial cross-space fault evidence both-direction W^X violation faults teardown wipe and generation-advance proof
FEAT-P1-04	C0,C1	C1,C2	Preemption and overrun enforcement remove CPU from offenders and never grant priority or authority	Busy-looping tasks WCET overruns priority-inversion interleavings and tick-storm timing	BND-15,BND-16,BND-17	PD-07,PD-08	RCG-13,RCG-14	Measured preemption bound inversion-avoidance demonstration per-policy overrun trips and spoor-attributed enforcement
FEAT-P1-05	C0,C1	C1,C2,C3,C4	Load generation exercises declared budgets only and denial work is charged to the offender	Saturation floods across pools task slots journal IPC and ready queue from a compromised-class generator	BND-15,BND-16,BND-20	PD-07,PD-08,PD-09	RCG-08,RCG-13	Raw campaign distributions RT-reserve preservation bounded attributable denial and bounded complete recovery
FEAT-P1-06	C0,C1	C1,C2	Only the declared actuation task reaches the output primitive and overrun prevents late actuation	Overrunning actuation workloads hostile background load and timing perturbation of the actuation path	BND-15,BND-16,BND-17	PD-05,PD-07,PD-08	RCG-12,RCG-13	End-to-end latency distributions under idle and hostile load demonstrated overrun trip and named hardware-tier debt
FEAT-P9-01	C0	C0,C1	Residency reduction removes data and never grants authority class or priority	Hostile images with adversarial section layouts and dumps taken at arbitrary points in a task lifetime	BND-02,BND-17,BND-20	PD-12,PD-13	RCG-13,RCG-14	Dump-scan hit counts before and after teardown a proven-able-to-fail scanner and a zeroed staging arena confirmed externally
FEAT-P9-02	C0	C0	Entropy is a charged bounded resource and a caller that cannot be served is refused not degraded	Drained hardware pools degraded sources requesting callers attempting to starve an RT task of extraction budget	BND-01,BND-17,BND-20	PD-07,PD-08	RCG-13,RCG-14	Health-test trips on known-bad sequences typed refusal on exhaustion bounded extraction cost and an explicit determinism carve-out
FEAT-P9-03	C0	C0,C1	A primitive transforms bytes and decides nothing authentication failure refuses rather than best-effort decrypts	Tampered tags ciphertexts and additional data replayed nonces and adversarial key and length inputs	BND-01,BND-02,BND-17	PD-08,PD-12	RCG-13,RCG-14	Published test vectors adversarial tamper refusals zero allocation on every path and a measured budget with constant-time structure argued
FEAT-P9-04	C0	C0,C1	Unseal releases bytes only and confers no capability class or priority and a refused unseal is reported never silently substituted	Modified kernel images forged measurements unreachable or lying TPMs and forced-downgrade attempts	BND-01,BND-02,BND-17,BND-20	PD-03,PD-11,PD-14	RCG-05,RCG-06	A measured boot that unseals a one-byte-modified image that does not a cross-machine inert blob and an adversarially forced downgrade
FEAT-P9-05	C0	C0,C1	A derived key reads only what its holder was already entitled to read and per-surface separation bounds any compromise	Dumps taken during derivation cross-surface key reuse attempts and stale-generation key replay	BND-02,BND-17,BND-20	PD-11,PD-13	RCG-13,RCG-14	Derivation divergence across machine process surface and generation externally verified wipe and a hardware-measured derivation budget
FEAT-P9-06	C0	C0,C1,C2	Authentication failure propagates into the existing fault path and never yields plaintext or a partial result	Relocated ciphertext blocks replayed prior-generation blocks and adversarially compressed content probing the size channel	BND-04,BND-05,BND-17	PD-04,PD-12,PD-13	RCG-10,RCG-11	Ciphertext at rest confirmed by dump scan relocation and replay both refused and D04 D05 parity held as a hard gate
FEAT-P9-07	C0	C0,C1,C2	Enablement changes what an external observer can read and changes nothing about what any subject may do	Absent or lying memory-encryption engines hypervisor and co-tenant observation and attestation spoofing	BND-01,BND-17,BND-20	PD-01,PD-10,PD-14	RCG-12,RCG-13	Activation confirmed by read-back an externally taken ciphertext dump honest attestation of degraded states and documented accepted risk where absent
FEAT-P9-08	C0	C0,C1,C2	Where a process lands changes nothing about what it may do and randomization is salt diversity never secrecy	Scanning analysts correlating relocated images and blind runtime corruption attempts predicting addresses	BND-04,BND-14,BND-17	PD-01,PD-11,PD-14	RCG-10,RCG-12	Measured entropy of base and process id reduced dump-scan hits against the recorded baseline and preserved D04 D05 baselines
FEAT-P1-07	C0,C1	C0,C1	Bring-up runs at EL1 with no task authority to confer and firmware handoff state is recorded as evidence never retained as authority	Firmware handoff register state the device-tree blob pointer the entry exception level unprogrammed or absurd CNTFRQ_EL0 and PMU register values UART receive bytes and host-side serial capture text	BND-01,BND-02,BND-03,BND-17	PD-07,PD-12,PD-14	RCG-01,RCG-13,RCG-14	Serial-captured handoff with no retained firmware authority a decoded ESR_EL1 from a deliberately induced fault before-and-after evidence that caches are actually enabled and a hardware TINYOS-MEAS envelope parsed by an unchanged host parser
FEAT-P2-01	C1,C2	C2,C3	Every verb resolves through one deny-by-default policy seam with session-derived identity and empty ambient authority	Attacker-influenced command arguments traversal paths oversized names and escape-sequence-bearing strings	BND-14,BND-17,BND-20	PD-02,PD-03,PD-05,PD-14	RCG-12,RCG-13,RCG-14	Denied verbs audited with session identity untrusted strings rendered inert and deterministic output demonstrated at Tier 0
FEAT-P2-02	C1,C2	C2,C3	Storage reached only through per-session volume capability with G-SEC-5 labels carried and never strippable	Adversarial file names traversal attempts label-stripping copy and rename chains and capacity exhaustion	BND-13,BND-17,BND-20	PD-03,PD-07,PD-08,PD-14	RCG-12,RCG-13,RCG-14	Label propagation under copy move rename demonstrated exhaustion refused cleanly and traversal refused at Tier 0
FEAT-P2-04	C1,C2	C2,C3,C4	The parser holds no authority and produces requests the core authorises so a parser defect is a wrong request never a bypass	Malformed switch soup unterminated quotes percent-expansion bombs raw control bytes and over-length lines	BND-14,BND-17,BND-20	PD-02,PD-03,PD-05,PD-12,PD-14	RCG-12,RCG-13,RCG-14	Parser totality over an adversarial corpus with register-shape refusals and no panic demonstrated at Tier 0
FEAT-P2-07	C1,C2	C2,C3,C4	A batch spends only its session authority and every line passes the same core authorisation as an interactive line	Adversarial TCB bytes ungranted verbs escape-sequence payloads unbounded line counts and lengths and quarantined batch content	BND-13,BND-14,BND-17,BND-20	PD-02,PD-03,PD-05,PD-14	RCG-12,RCG-13,RCG-14	Denied line refused audited and continued quarantined batch refused outright and golden-transcript parity gate green at Tier 0
FEAT-P1-08	C1	C2,C3	Frame validation decides acceptance only and conveys no authority while transports carry data never capability and recovery from fault is an explicit gated action	Feedback process images epoch sequences validity masks quality flags per-sample identities and staged command frames from a compromisable transport	BND-03,BND-14,BND-15,BND-17	PD-05,PD-07,PD-08,PD-12	RCG-01,RCG-13,RCG-14	Whole-epoch rejection on every invalid arm atomic all-or-nothing staging single-use commit tokens late-commit fail-closed and fixed-capacity allocation-free frames
