id	name	outcome	roadmap_horizon	goals	performance_domains	applications	security_controls	containment_classes	claim_gate
LZ-01	Bare-metal reflex and physical control	Deterministic control feels indistinguishable from dedicated bare metal while faults network UX and inference cannot perturb admitted work	next	G-PA-1,G-PA-2,G-PA-3,G-PA-5,G-PA-8,G-RT-1,G-RT-2,G-RT-3,G-DX-7	D02,D03,D04,D05,D06,D07,D08,D10,D11,D12,D13,D21,D24,D25	APP-01,APP-04	SEC-03,SEC-04,SEC-05,SEC-09,SEC-10,SEC-12,SEC-13,SEC-14,SEC-16,SEC-18,SEC-19,SEC-20	C1,C2,C3	Publish interrupt dispatch WCET jitter loaded-isolation safe-state coherent-feedback-epoch and atomic-group-commit and same-hardware comparison evidence before any bare-metal-equivalent claim
LZ-02	Quality-adjusted AI velocity	Deliver maximum useful tokens per second minimum TTFT and comparable output quality without borrowing RT GPU memory or thermal budgets	later	G-AI-1,G-AI-2,G-AI-6,G-AI-8,G-AI-9,G-AI-10,G-DX-7	D09,D10,D11,D12,D15,D16,D17,D18,D20,D24,D25	APP-02,APP-03	SEC-02,SEC-03,SEC-04,SEC-05,SEC-06,SEC-08,SEC-09,SEC-10,SEC-12,SEC-14,SEC-15,SEC-16,SEC-18,SEC-19,SEC-20	C2,C3,C4	Fix model quantization prompt sampler quality rubric power thermal and safety profile before claiming ten-times time-to-quality or token-rate advantage
LZ-03	Native application and UX platform	Run Rust Go webview C# and JavaScript applications through one capability ABI while keeping every optional runtime outside the core	later	G-APP-1,G-APP-2,G-APP-3,G-APP-4,G-APP-11,G-PC-2,G-PC-3,G-DX-8	D08,D09,D10,D11,D12,D13,D14,D18,D20,D21,D23,D24,D25	APP-05,APP-06,APP-07,APP-08,APP-09	SEC-02,SEC-03,SEC-04,SEC-05,SEC-06,SEC-07,SEC-08,SEC-09,SEC-10,SEC-11,SEC-12,SEC-14,SEC-16,SEC-19,SEC-20	C3,C4	Each framework earns support through ABI conformance cold-start footprint denial native-interop code-generation and compromised-frontend tests
LZ-04	Interactive graphics and multiplayer proving ground	Dangerous Dave DOOM Quake II and Quake III prove input graphics audio storage and TCP or UDP paths under real interactive load	later	G-APP-5,G-HW-1,G-HW-2,G-RT-4,G-RC-2	D02,D03,D04,D05,D07,D08,D10,D11,D12,D13,D14,D18,D19,D20,D21,D24,D25	APP-10,APP-11,APP-12,APP-13	SEC-02,SEC-03,SEC-04,SEC-05,SEC-06,SEC-07,SEC-08,SEC-09,SEC-10,SEC-12,SEC-13,SEC-14,SEC-16,SEC-18,SEC-19,SEC-20	C2,C3,C4	Frame pacing input-to-photon audio and multiplayer latency must survive malicious assets servers packet floods and renderer or game faults
LZ-05	Browser and TinySpot remote UX	A Chrome-class browser and remote desktop exist as opt-in compartment systems without turning web content into local application authority	research	G-APP-6,G-APP-9,G-RC-1,G-RC-2,G-RC-5	D08,D10,D11,D12,D13,D14,D17,D18,D19,D20,D21,D22,D23,D24,D25	APP-14,APP-15	SEC-02,SEC-03,SEC-04,SEC-05,SEC-06,SEC-07,SEC-08,SEC-09,SEC-10,SEC-11,SEC-12,SEC-13,SEC-14,SEC-15,SEC-16,SEC-18,SEC-19,SEC-20	C2,C3,C4	No browser support claim until renderer site network GPU storage secret download extension and generated-code boundaries survive escape campaigns
LZ-06	Windows and Linux coexistence	A TinyOS Linux Environment and Windows TinyOS Tools bridge make one laptop feel integrated without shared ambient memory files processes or ports	later	G-APP-7,G-APP-8,G-APP-11,G-RC-1,G-RC-2,G-PC-2,G-PC-3	D04,D05,D07,D08,D10,D11,D12,D13,D14,D18,D20,D21,D23,D24,D25	APP-16,APP-17	SEC-02,SEC-03,SEC-04,SEC-05,SEC-06,SEC-07,SEC-08,SEC-09,SEC-10,SEC-12,SEC-13,SEC-14,SEC-15,SEC-16,SEC-18,SEC-19,SEC-20	C2,C3,C4	Interop must pass hostile-host guest-escape path-confusion stale-grant network-namespace teardown and cross-OS performance tests
LZ-07	Fleet and data-centre teamwork	Edge devices and server-farm nodes coordinate inference data and control workloads through spoors without any node or tenant gaining ambient fleet authority	later	G-APP-12,G-RC-4,G-AI-7,G-SEC-11,G-SEC-12	D04,D05,D07,D08,D10,D11,D12,D13,D14,D15,D16,D17,D18,D19,D20,D22,D24,D25	APP-18	SEC-01,SEC-02,SEC-03,SEC-04,SEC-05,SEC-06,SEC-07,SEC-08,SEC-09,SEC-10,SEC-12,SEC-13,SEC-14,SEC-15,SEC-16,SEC-17,SEC-18,SEC-19,SEC-20	C2,C3,C4	Scale and failover claims require tenant-isolation partition worm coordinated-AI power efficiency and quality-adjusted throughput evidence
LZ-08	Browser-hosted TinyOS laboratory	Boot and interact with a compact TinyOS build in a browser sandbox for learning demos and portable development while explicitly excluding hardware-equivalence claims	research	G-APP-10,G-DX-7,G-DX-8,G-RT-5	D01,D04,D05,D07,D08,D11,D12,D23,D24,D25	APP-19	SEC-02,SEC-03,SEC-04,SEC-05,SEC-06,SEC-09,SEC-10,SEC-12,SEC-14,SEC-16,SEC-19,SEC-20	C3,C4	The lab may claim semantic and conformance fidelity only and never hard-RT DMA interrupt verified-boot or bare-metal security equivalence
LZ-09	Minimal composable product profiles	Every deployment links only the core services drivers runtimes and applications it selects so frugality and attack-surface absence scale together	now	G-DX-5,G-DX-7,G-DX-8,G-SEC-9,G-SEC-13,G-SEC-15	D22,D25	APP-01,APP-02,APP-03,APP-04,APP-05,APP-06,APP-07,APP-08,APP-09,APP-10,APP-11,APP-12,APP-13,APP-14,APP-15,APP-16,APP-17,APP-18,APP-19	SEC-13,SEC-17,SEC-19,SEC-20	C0,C1,C2,C3,C4	Every profile publishes link-map boot registration capability listener queue task IRQ DMA MMIO parser and memory-footprint absence evidence
